{"cameraMode":{"drawMode":0,"name":"Shaded","section":"Shading Mode"},"sceneLighting":true,"audioPlay":false,"sceneViewState":{"m_AlwaysRefresh":false,"showFog":true,"showSkybox":true,"showFlares":true,"showImageEffects":true,"showParticleSystems":true,"showVisualEffectGraphs":true,"m_FxEnabled":true},"in2DMode":false,"pivot":{"x":12.666308403015137,"y":-15.271462440490723,"z":-25.669498443603517},"rotation":{"x":0.1042182445526123,"y":0.8949530720710754,"z":-0.2856914699077606,"w":0.32647770643234255},"size":22.255218505859376,"orthographic":false}