{"cameraMode":{"drawMode":0,"name":"Shaded","section":"Shading Mode"},"sceneLighting":true,"audioPlay":false,"sceneViewState":{"m_AlwaysRefresh":false,"showFog":true,"showSkybox":true,"showFlares":true,"showImageEffects":true,"showParticleSystems":true,"showVisualEffectGraphs":true,"m_FxEnabled":true},"in2DMode":false,"pivot":{"x":11.503454208374024,"y":0.7558081150054932,"z":-1.2441954612731934},"rotation":{"x":0.08977194130420685,"y":0.8793902397155762,"z":-0.18358655273914338,"w":0.43001294136047366},"size":3.9690346717834474,"orthographic":false}